{
  "model_name": "no2_air_quality_classifier",
  "algorithm": "RandomForestClassifier",
  "target": "Value >= 40.0 ug/m3",
  "target_note": "The measured Value column is used to create the label but is not used as a model feature.",
  "features_used": [
    "hour",
    "month",
    "weekday",
    "validity",
    "verification",
    "data_capture_missing",
    "samplingpoint"
  ],
  "threshold_ug_m3": 40.0,
  "random_state": 42,
  "rows_total": 140160,
  "rows_train": 112128,
  "rows_test": 28032,
  "positive_rows_total": 9352,
  "positive_rate_total": 0.06672374429223744,
  "accuracy": 0.8085759132420092,
  "precision": 0.2196921103271328,
  "recall": 0.732620320855615,
  "f1": 0.3380212188502344,
  "classification_report": {
    "normal": {
      "precision": 0.9770600110111947,
      "recall": 0.8140050454858191,
      "f1-score": 0.8881104299595479,
      "support": 26162.0
    },
    "elevated": {
      "precision": 0.2196921103271328,
      "recall": 0.732620320855615,
      "f1-score": 0.3380212188502344,
      "support": 1870.0
    },
    "accuracy": 0.8085759132420092,
    "macro avg": {
      "precision": 0.5983760606691637,
      "recall": 0.7733126831707171,
      "f1-score": 0.6130658244048912,
      "support": 28032.0
    },
    "weighted avg": {
      "precision": 0.9265363960611662,
      "recall": 0.8085759132420092,
      "f1-score": 0.8514142675460771,
      "support": 28032.0
    }
  }
}