{
  "model_name": "no2_air_quality_classifier",
  "algorithm": "RandomForestClassifier",
  "target": "Value >= 40.0 ug/m3",
  "target_note": "The measured Value column is used to create the label but is not used as a model feature.",
  "features_used": [
    "hour",
    "month",
    "weekday",
    "validity",
    "verification",
    "data_capture_missing",
    "samplingpoint"
  ],
  "threshold_ug_m3": 40.0,
  "random_state": 42,
  "rows_total": 140160,
  "rows_train": 112128,
  "rows_test": 28032,
  "positive_rows_total": 9352,
  "positive_rate_total": 0.06672374429223744,
  "accuracy": 0.8056150114155252,
  "precision": 0.21698560809742212,
  "recall": 0.7336898395721925,
  "f1": 0.33492005370438177,
  "classification_report": {
    "normal": {
      "precision": 0.9770602054447464,
      "recall": 0.8107560584053207,
      "f1-score": 0.8861732572956488,
      "support": 26162.0
    },
    "elevated": {
      "precision": 0.21698560809742212,
      "recall": 0.7336898395721925,
      "f1-score": 0.33492005370438177,
      "support": 1870.0
    },
    "accuracy": 0.8056150114155252,
    "macro avg": {
      "precision": 0.5970229067710843,
      "recall": 0.7722229489887567,
      "f1-score": 0.6105466555000153,
      "support": 28032.0
    },
    "weighted avg": {
      "precision": 0.9263560281816364,
      "recall": 0.8056150114155252,
      "f1-score": 0.8493994455549357,
      "support": 28032.0
    }
  }
}